[
  {
    "id": "1",
    "firstName": "john",
    "lastName": "Doe",
    "avatarUrl": "http://www.gravatar.com/avatar/5d62e42d718afaad8b48761d71d7aa2b?s=20&r=pg&d=retro",
    "email": "john@doe.com",
    "phone": "0311111111",
    "hasPremium": true,
    "bids": []
  },
  {
    "id": "2",
    "firstName": "doe",
    "lastName": "john",
    "avatarUrl": "http://www.gravatar.com/avatar/5d62e42d718afaad8b48761d71d7aa2b?s=20&r=pg&d=retro",
    "email": "doe@john.com",
    "phone": "0322222222",
    "hasPremium": false,
    "bids": []
  },  {
      "id": "3",
      "firstName": "jane",
      "lastName": "doe",
      "avatarUrl": "http://www.gravatar.com/avatar/5d62e42d718afaad8b48761d71d7aa2b?s=20&r=pg&d=retro",
      "email": "doe@john.com",
      "phone": "0322222222",
      "hasPremium": false,
      "bids": []
    },
  {
    "id": "4",
    "firstName": "zaman",
    "lastName": "john",
    "avatarUrl": "http://www.gravatar.com/avatar/5d62e42d718afaad8b48761d71d7aa2b?s=20&r=pg&d=retro",
    "email": "doe@john.com",
    "phone": "0322222222",
    "hasPremium": false,
    "bids": [{
      "id": "234",
      "carTitle": "ferrari",
      "amount": 3000,
      "created": "1510564807884"
      },{
        "id": "345",
        "carTitle": "Honda Civic",
        "amount": 2000,
        "created": "1510564807884"
        }]
  },{
    "id": "5",
    "firstName": "sdfsfdsf",
    "lastName": "xcvxcvxcv",
    "avatarUrl": "http://www.gravatar.com/avatar/5d62e42d718afaad8b48761d71d7aa2b?s=20&r=pg&d=retro",
    "email": "ahsan_zami@hotmail.com",
    "phone": "0322222222",
    "hasPremium": false,
    "bids": [{
        "id": "567",
        "carTitle": "Honda BRV",
        "amount": 4000,
        "created": "1510564807884"
        }]
  },  {
      "id": "6",
      "firstName": "erqerewr",
      "lastName": "yutyutyuty",
      "avatarUrl": "http://www.gravatar.com/avatar/5d62e42d718afaad8b48761d71d7aa2b?s=20&r=pg&d=retro",
      "email": "john@doe.com",
      "phone": "0311111111",
      "hasPremium": true,
      "bids": []
    },
    {
      "id": "7",
      "firstName": "kjljlkjlkjl",
      "lastName": "xcvcxvsdf",
      "avatarUrl": "http://www.gravatar.com/avatar/5d62e42d718afaad8b48761d71d7aa2b?s=20&r=pg&d=retro",
      "email": "doe@john.com",
      "phone": "0322222222",
      "hasPremium": false,
      "bids": []
    },  {
        "id": "8",
        "firstName": "ewrwerew",
        "lastName": "adfasfvcx",
        "avatarUrl": "http://www.gravatar.com/avatar/5d62e42d718afaad8b48761d71d7aa2b?s=20&r=pg&d=retro",
        "email": "doe@john.com",
        "phone": "0322222222",
        "hasPremium": false,
        "bids": []
      },
    {
      "id": "9",
      "firstName": "zaman",
      "lastName": "john",
      "avatarUrl": "http://www.gravatar.com/avatar/5d62e42d718afaad8b48761d71d7aa2b?s=20&r=pg&d=retro",
      "email": "doe@john.com",
      "phone": "0322222222",
      "hasPremium": false,
      "bids": [{
        "id": "234",
        "carTitle": "ferrari",
        "amount": 3000,
        "created": "1510564807884"
        },{
          "id": "345",
          "carTitle": "Honda Civic",
          "amount": 2000,
          "created": "1510564807884"
          }]
    },{
      "id": "10",
      "firstName": "Ahsan",
      "lastName": "Zaman",
      "avatarUrl": "http://www.gravatar.com/avatar/5d62e42d718afaad8b48761d71d7aa2b?s=20&r=pg&d=retro",
      "email": "ahsan_zami@hotmail.com",
      "phone": "0322222222",
      "hasPremium": false,
      "bids": [{
          "id": "567",
          "carTitle": "Honda BRV",
          "amount": 4000,
          "created": "1510564807884"
          }]
    }
]
